a;b;product
0.00;0.00;0.0000
0.00;0.05;0.0000
0.00;0.10;0.0000
0.00;0.15;0.0000
0.00;0.20;0.0000
0.00;0.25;0.0000
0.00;0.30;0.0000
0.00;0.35;0.0000
0.00;0.40;0.0000
0.00;0.45;0.0000
0.00;0.50;0.0000
0.00;0.55;0.0000
0.00;0.60;0.0000
0.00;0.65;0.0000
0.00;0.70;0.0000
0.00;0.75;0.0000
0.00;0.80;0.0000
0.00;0.85;0.0000
0.00;0.90;0.0000
0.00;0.95;0.0000
0.00;1.00;0.0000
0.05;0.00;0.0000
0.05;0.05;0.0025
0.05;0.10;0.0050
0.05;0.15;0.0075
0.05;0.20;0.0100
0.05;0.25;0.0125
0.05;0.30;0.0150
0.05;0.35;0.0175
0.05;0.40;0.0200
0.05;0.45;0.0225
0.05;0.50;0.0250
0.05;0.55;0.0275
0.05;0.60;0.0300
0.05;0.65;0.0325
0.05;0.70;0.0350
0.05;0.75;0.0375
0.05;0.80;0.0400
0.05;0.85;0.0425
0.05;0.90;0.0450
0.05;0.95;0.0475
0.05;1.00;0.0500
0.10;0.00;0.0000
0.10;0.05;0.0050
0.10;0.10;0.0100
0.10;0.15;0.0150
0.10;0.20;0.0200
0.10;0.25;0.0250
0.10;0.30;0.0300
0.10;0.35;0.0350
0.10;0.40;0.0400
0.10;0.45;0.0450
0.10;0.50;0.0500
0.10;0.55;0.0550
0.10;0.60;0.0600
0.10;0.65;0.0650
0.10;0.70;0.0700
0.10;0.75;0.0750
0.10;0.80;0.0800
0.10;0.85;0.0850
0.10;0.90;0.0900
0.10;0.95;0.0950
0.10;1.00;0.1000
0.15;0.00;0.0000
0.15;0.05;0.0075
0.15;0.10;0.0150
0.15;0.15;0.0225
0.15;0.20;0.0300
0.15;0.25;0.0375
0.15;0.30;0.0450
0.15;0.35;0.0525
0.15;0.40;0.0600
0.15;0.45;0.0675
0.15;0.50;0.0750
0.15;0.55;0.0825
0.15;0.60;0.0900
0.15;0.65;0.0975
0.15;0.70;0.1050
0.15;0.75;0.1125
0.15;0.80;0.1200
0.15;0.85;0.1275
0.15;0.90;0.1350
0.15;0.95;0.1425
0.15;1.00;0.1500
0.20;0.00;0.0000
0.20;0.05;0.0100
0.20;0.10;0.0200
0.20;0.15;0.0300
0.20;0.20;0.0400
0.20;0.25;0.0500
0.20;0.30;0.0600
0.20;0.35;0.0700
0.20;0.40;0.0800
0.20;0.45;0.0900
0.20;0.50;0.1000
0.20;0.55;0.1100
0.20;0.60;0.1200
0.20;0.65;0.1300
0.20;0.70;0.1400
0.20;0.75;0.1500
0.20;0.80;0.1600
0.20;0.85;0.1700
0.20;0.90;0.1800
0.20;0.95;0.1900
0.20;1.00;0.2000
0.25;0.00;0.0000
0.25;0.05;0.0125
0.25;0.10;0.0250
0.25;0.15;0.0375
0.25;0.20;0.0500
0.25;0.25;0.0625
0.25;0.30;0.0750
0.25;0.35;0.0875
0.25;0.40;0.1000
0.25;0.45;0.1125
0.25;0.50;0.1250
0.25;0.55;0.1375
0.25;0.60;0.1500
0.25;0.65;0.1625
0.25;0.70;0.1750
0.25;0.75;0.1875
0.25;0.80;0.2000
0.25;0.85;0.2125
0.25;0.90;0.2250
0.25;0.95;0.2375
0.25;1.00;0.2500
0.30;0.00;0.0000
0.30;0.05;0.0150
0.30;0.10;0.0300
0.30;0.15;0.0450
0.30;0.20;0.0600
0.30;0.25;0.0750
0.30;0.30;0.0900
0.30;0.35;0.1050
0.30;0.40;0.1200
0.30;0.45;0.1350
0.30;0.50;0.1500
0.30;0.55;0.1650
0.30;0.60;0.1800
0.30;0.65;0.1950
0.30;0.70;0.2100
0.30;0.75;0.2250
0.30;0.80;0.2400
0.30;0.85;0.2550
0.30;0.90;0.2700
0.30;0.95;0.2850
0.30;1.00;0.3000
0.35;0.00;0.0000
0.35;0.05;0.0175
0.35;0.10;0.0350
0.35;0.15;0.0525
0.35;0.20;0.0700
0.35;0.25;0.0875
0.35;0.30;0.1050
0.35;0.35;0.1225
0.35;0.40;0.1400
0.35;0.45;0.1575
0.35;0.50;0.1750
0.35;0.55;0.1925
0.35;0.60;0.2100
0.35;0.65;0.2275
0.35;0.70;0.2450
0.35;0.75;0.2625
0.35;0.80;0.2800
0.35;0.85;0.2975
0.35;0.90;0.3150
0.35;0.95;0.3325
0.35;1.00;0.3500
0.40;0.00;0.0000
0.40;0.05;0.0200
0.40;0.10;0.0400
0.40;0.15;0.0600
0.40;0.20;0.0800
0.40;0.25;0.1000
0.40;0.30;0.1200
0.40;0.35;0.1400
0.40;0.40;0.1600
0.40;0.45;0.1800
0.40;0.50;0.2000
0.40;0.55;0.2200
0.40;0.60;0.2400
0.40;0.65;0.2600
0.40;0.70;0.2800
0.40;0.75;0.3000
0.40;0.80;0.3200
0.40;0.85;0.3400
0.40;0.90;0.3600
0.40;0.95;0.3800
0.40;1.00;0.4000
0.45;0.00;0.0000
0.45;0.05;0.0225
0.45;0.10;0.0450
0.45;0.15;0.0675
0.45;0.20;0.0900
0.45;0.25;0.1125
0.45;0.30;0.1350
0.45;0.35;0.1575
0.45;0.40;0.1800
0.45;0.45;0.2025
0.45;0.50;0.2250
0.45;0.55;0.2475
0.45;0.60;0.2700
0.45;0.65;0.2925
0.45;0.70;0.3150
0.45;0.75;0.3375
0.45;0.80;0.3600
0.45;0.85;0.3825
0.45;0.90;0.4050
0.45;0.95;0.4275
0.45;1.00;0.4500
0.50;0.00;0.0000
0.50;0.05;0.0250
0.50;0.10;0.0500
0.50;0.15;0.0750
0.50;0.20;0.1000
0.50;0.25;0.1250
0.50;0.30;0.1500
0.50;0.35;0.1750
0.50;0.40;0.2000
0.50;0.45;0.2250
0.50;0.50;0.2500
0.50;0.55;0.2750
0.50;0.60;0.3000
0.50;0.65;0.3250
0.50;0.70;0.3500
0.50;0.75;0.3750
0.50;0.80;0.4000
0.50;0.85;0.4250
0.50;0.90;0.4500
0.50;0.95;0.4750
0.50;1.00;0.5000
0.55;0.00;0.0000
0.55;0.05;0.0275
0.55;0.10;0.0550
0.55;0.15;0.0825
0.55;0.20;0.1100
0.55;0.25;0.1375
0.55;0.30;0.1650
0.55;0.35;0.1925
0.55;0.40;0.2200
0.55;0.45;0.2475
0.55;0.50;0.2750
0.55;0.55;0.3025
0.55;0.60;0.3300
0.55;0.65;0.3575
0.55;0.70;0.3850
0.55;0.75;0.4125
0.55;0.80;0.4400
0.55;0.85;0.4675
0.55;0.90;0.4950
0.55;0.95;0.5225
0.55;1.00;0.5500
0.60;0.00;0.0000
0.60;0.05;0.0300
0.60;0.10;0.0600
0.60;0.15;0.0900
0.60;0.20;0.1200
0.60;0.25;0.1500
0.60;0.30;0.1800
0.60;0.35;0.2100
0.60;0.40;0.2400
0.60;0.45;0.2700
0.60;0.50;0.3000
0.60;0.55;0.3300
0.60;0.60;0.3600
0.60;0.65;0.3900
0.60;0.70;0.4200
0.60;0.75;0.4500
0.60;0.80;0.4800
0.60;0.85;0.5100
0.60;0.90;0.5400
0.60;0.95;0.5700
0.60;1.00;0.6000
0.65;0.00;0.0000
0.65;0.05;0.0325
0.65;0.10;0.0650
0.65;0.15;0.0975
0.65;0.20;0.1300
0.65;0.25;0.1625
0.65;0.30;0.1950
0.65;0.35;0.2275
0.65;0.40;0.2600
0.65;0.45;0.2925
0.65;0.50;0.3250
0.65;0.55;0.3575
0.65;0.60;0.3900
0.65;0.65;0.4225
0.65;0.70;0.4550
0.65;0.75;0.4875
0.65;0.80;0.5200
0.65;0.85;0.5525
0.65;0.90;0.5850
0.65;0.95;0.6175
0.65;1.00;0.6500
0.70;0.00;0.0000
0.70;0.05;0.0350
0.70;0.10;0.0700
0.70;0.15;0.1050
0.70;0.20;0.1400
0.70;0.25;0.1750
0.70;0.30;0.2100
0.70;0.35;0.2450
0.70;0.40;0.2800
0.70;0.45;0.3150
0.70;0.50;0.3500
0.70;0.55;0.3850
0.70;0.60;0.4200
0.70;0.65;0.4550
0.70;0.70;0.4900
0.70;0.75;0.5250
0.70;0.80;0.5600
0.70;0.85;0.5950
0.70;0.90;0.6300
0.70;0.95;0.6650
0.70;1.00;0.7000
0.75;0.00;0.0000
0.75;0.05;0.0375
0.75;0.10;0.0750
0.75;0.15;0.1125
0.75;0.20;0.1500
0.75;0.25;0.1875
0.75;0.30;0.2250
0.75;0.35;0.2625
0.75;0.40;0.3000
0.75;0.45;0.3375
0.75;0.50;0.3750
0.75;0.55;0.4125
0.75;0.60;0.4500
0.75;0.65;0.4875
0.75;0.70;0.5250
0.75;0.75;0.5625
0.75;0.80;0.6000
0.75;0.85;0.6375
0.75;0.90;0.6750
0.75;0.95;0.7125
0.75;1.00;0.7500
0.80;0.00;0.0000
0.80;0.05;0.0400
0.80;0.10;0.0800
0.80;0.15;0.1200
0.80;0.20;0.1600
0.80;0.25;0.2000
0.80;0.30;0.2400
0.80;0.35;0.2800
0.80;0.40;0.3200
0.80;0.45;0.3600
0.80;0.50;0.4000
0.80;0.55;0.4400
0.80;0.60;0.4800
0.80;0.65;0.5200
0.80;0.70;0.5600
0.80;0.75;0.6000
0.80;0.80;0.6400
0.80;0.85;0.6800
0.80;0.90;0.7200
0.80;0.95;0.7600
0.80;1.00;0.8000
0.85;0.00;0.0000
0.85;0.05;0.0425
0.85;0.10;0.0850
0.85;0.15;0.1275
0.85;0.20;0.1700
0.85;0.25;0.2125
0.85;0.30;0.2550
0.85;0.35;0.2975
0.85;0.40;0.3400
0.85;0.45;0.3825
0.85;0.50;0.4250
0.85;0.55;0.4675
0.85;0.60;0.5100
0.85;0.65;0.5525
0.85;0.70;0.5950
0.85;0.75;0.6375
0.85;0.80;0.6800
0.85;0.85;0.7225
0.85;0.90;0.7650
0.85;0.95;0.8075
0.85;1.00;0.8500
0.90;0.00;0.0000
0.90;0.05;0.0450
0.90;0.10;0.0900
0.90;0.15;0.1350
0.90;0.20;0.1800
0.90;0.25;0.2250
0.90;0.30;0.2700
0.90;0.35;0.3150
0.90;0.40;0.3600
0.90;0.45;0.4050
0.90;0.50;0.4500
0.90;0.55;0.4950
0.90;0.60;0.5400
0.90;0.65;0.5850
0.90;0.70;0.6300
0.90;0.75;0.6750
0.90;0.80;0.7200
0.90;0.85;0.7650
0.90;0.90;0.8100
0.90;0.95;0.8550
0.90;1.00;0.9000
0.95;0.00;0.0000
0.95;0.05;0.0475
0.95;0.10;0.0950
0.95;0.15;0.1425
0.95;0.20;0.1900
0.95;0.25;0.2375
0.95;0.30;0.2850
0.95;0.35;0.3325
0.95;0.40;0.3800
0.95;0.45;0.4275
0.95;0.50;0.4750
0.95;0.55;0.5225
0.95;0.60;0.5700
0.95;0.65;0.6175
0.95;0.70;0.6650
0.95;0.75;0.7125
0.95;0.80;0.7600
0.95;0.85;0.8075
0.95;0.90;0.8550
0.95;0.95;0.9025
0.95;1.00;0.9500
1.00;0.00;0.0000
1.00;0.05;0.0500
1.00;0.10;0.1000
1.00;0.15;0.1500
1.00;0.20;0.2000
1.00;0.25;0.2500
1.00;0.30;0.3000
1.00;0.35;0.3500
1.00;0.40;0.4000
1.00;0.45;0.4500
1.00;0.50;0.5000
1.00;0.55;0.5500
1.00;0.60;0.6000
1.00;0.65;0.6500
1.00;0.70;0.7000
1.00;0.75;0.7500
1.00;0.80;0.8000
1.00;0.85;0.8500
1.00;0.90;0.9000
1.00;0.95;0.9500
1.00;1.00;1.0000
